﻿<?xml version="1.0" encoding="utf-8"?>
<Articulos>
  <Articulo>
    <IdArticulo>1</IdArticulo>
    <Nombre>Muslo de pollo</Nombre>
    <Descripcion>Muslos de Pollo de Corral Vasco, alimentación natural, basada en cereales con más de un 60% de maíz, su madurez al sacrificio está establecida en un mínimo de 81 días y su sistema de producción es tradicional.</Descripcion>
    <Proveedor>Euskal Okela</Proveedor>
    <PrVent>5</PrVent>
    <PrCost>2</PrCost>
    <Existencias>50</Existencias>
    <ImagenBase64></ImagenBase64>
  </Articulo>
  <Articulo>
    <IdArticulo>2</IdArticulo>
    <Nombre>Entrecot</Nombre>
    <Descripcion>Entrecot de Ternera origen vasco, corte magistralmente extraído de la zona del lomo reconocido por su terneza y su marmoleado único. Certificada con el símbolo Eusko Label y IGP, un sello europeo que reconoce a los productos de calidad diferenciada por cualidades ligadas al origen geográfico</Descripcion>
    <Proveedor>Pasto de la Sierra de Aralar</Proveedor>
    <PrVent>20</PrVent>
    <PrCost>10</PrCost>
    <Existencias>50</Existencias>
    <ImagenBase64></ImagenBase64>  
  </Articulo>
  <Articulo>
    <IdArticulo>3</IdArticulo>
    <Nombre>Costillas</Nombre>
    <Descripcion>Corte de Costilla Ternera procedente de Vizcaya, certificadas por estándares de calidad de primera categoría</Descripcion>
    <Proveedor>Karrantza</Proveedor>
    <PrVent>15</PrVent>
    <PrCost>7</PrCost>
    <Existencias>50</Existencias>
    <ImagenBase64></ImagenBase64>
  </Articulo>
  <Articulo>
    <IdArticulo>4</IdArticulo>
    <Nombre>Anchoas</Nombre>
    <Descripcion>Filetes de Anchoa en aceite vegetal, km0 aceite de girasol y sal</Descripcion>
    <Proveedor>Bizkaiko Ura</Proveedor>
    <PrVent>12</PrVent>
    <PrCost>6</PrCost>
    <Existencias>50</Existencias>
    <ImagenBase64></ImagenBase64>
  </Articulo>
  <Articulo>
    <IdArticulo>5</IdArticulo>
    <Nombre>Merluza</Nombre>
    <Descripcion>Corazones de filete de merluza sin piel, ultracongelados</Descripcion>
    <Proveedor>Bermeo Arrantzak</Proveedor>
    <PrVent>279</PrVent>
    <PrCost>13</PrCost>
    <Existencias>50</Existencias>
    <ImagenBase64></ImagenBase64>
  </Articulo>
  <Articulo>
    <IdArticulo>6</IdArticulo>
    <Nombre>Pacharan</Nombre>
    <Descripcion>Pacharan Navarro, elaborado con endrinas de calidad</Descripcion>
    <Proveedor>Beti Gorri</Proveedor>
    <PrVent>10</PrVent>
    <PrCost>5</PrCost>
    <Existencias>50</Existencias>
    <ImagenBase64></ImagenBase64>
  </Articulo>
  <Articulo>
    <IdArticulo>60</IdArticulo>
    <Nombre>Chuleton</Nombre>
    <Descripcion>Corte grueso de carne de vacuno</Descripcion>
    <Proveedor>Euskal Okela</Proveedor>
    <PrVent>16</PrVent>
    <PrCost>27</PrCost>
    <Existencias>0</Existencias> <!-- Asumiendo que quieres 0 aquí. Si no hay existencias, debes decidir cómo quieres manejarlo. -->
    <ImagenBase64></ImagenBase64>
  </Articulo>
</Articulos>
